id,text,label,label_text
e4773d2652,Mode: Home Office,1,neutral
20a60fc55e, oh oh oh are you offering to send ducks!  I love love love confit duck,2,positive
ec9d1b65a5,off to glue stuff onto poster,1,neutral
41db476dcc,Beautiful Day..takn it down twitters  tell ALL mothers Happy Mothers Day,2,positive
e8b44acc78," Likewise. However, what was the comment about originally?",1,neutral
7ded28159b,wished didnt spend money last night,0,negative
64d7ee6da7, yo wake your **** up  and go to work  go get that paper  u aint sick dont lie,0,negative
dd8b781cd9," Good night.  Sorry I missed you during our morning window.  See you at 5, I suspect.",1,neutral
3e44fbf1fd,Such a beautiful morning,2,positive
361f68746b, whats with u hating on becky soo much? ur bio says ur nice....guess not,1,neutral
4e31654f5e,90210 9pm  I laaaaaaaaave it.,2,positive
e2ab8995d1,Nooo...i forgot my calculator for physics   oh well class is allmost over :3,0,negative
e3e793b8f5," whats twhirl? I`ve some work to be doing over the weekend thank god so I`m probably going to miss it red, sorry",1,neutral
e409c6bca9,Shower head broke while i was in the shower and shot straight @ my head.may get a welt later on from it,0,negative
119b073916, I left that for people to complete,1,neutral
3deb1d0ec0,going out to see star trek   be back in a while,1,neutral
14457664da,arrghh stupid eczema      i have to go soon. sort it OUT! :/,0,negative
e4eed099b7,"  I love you, though!",2,positive
b0a274d394, very long by the sounds of things... But deadlines are Deadlines...,1,neutral
4d5a8b6e13,TGIF... Hubby dragged me out to buy car parts. I am tired n cranky,0,negative
f109c266e1,"Today is my first real mothers day with my son actually here  he wasn`t born yet last year , can`t wait to hug him when I get home",2,positive
3c3b471263,happy mother`s day,2,positive
f6058b438d,I wonder how effective these street preachers are....   http://twitpic.com/67qhz,2,positive
b05aa7feb8,wondering if anyone has seen my cell phone i cant find it anywhere,0,negative
abad92a959," Since obviously living in Alaska, only a few radio stations we get here.",1,neutral
bf66ea6dac,its getting really windy out there,1,neutral
9f32877698,"DH at work, DD7 at party. Seriously thinking of treating DS9 and myself to sushi lunch - after all, it IS Mother`s Day here!",1,neutral
a2b7bc3f2a, psh... I`m not cool enough to go to their open-houses.,0,negative
827e3beeb4, No I haven`t made my page yet.  Had to work,1,neutral
7aed9d9b0f,At the dentist for Hopes first check up. Lets she how she handles a dentist.,1,neutral
8a1c165380,I dont believe in my eyes or should I say on my browser? OMG OMG OMG,0,negative
aa06c3a9f0, a whole season behind the US now,1,neutral
43f6e87959,It`s 11:05 and I`m already on my lunch break,1,neutral
5c879c9f2c,last night in newport,1,neutral
8e1182a1ee, I can`t shes taken my keys to muh car.,1,neutral
a4ba901f22,  just listened to the songs on your myspace.  really good,2,positive
8a86863e1f, SSSSSSSSSSMACK!!!! Get back at it girl!  Are you doing WW?,1,neutral
e4ea7144ce,"morning, still trying to find a babysitter, there is a creche at the gym so might leave him there, but just know he won`t be happy",0,negative
47e950b292, I can`t work out if you`re into diesel or rice burners.,0,negative
e3dfffb668, Ich will auch zu Pinkpop,1,neutral
83f3b8d9c9,Oh good. I get to be the gooseberry all night now that katy isn`t coming,2,positive
279f65d93a,is wondering why no one else is following it....  C`mon people!,1,neutral
1265739e54," Good luck  I wanna see them again too. I waited outside by their buses to see them before, no autographs tho!",2,positive
a946021754,has plopped TWICE! TWICE!  http://plurk.com/p/svs0y,0,negative
0edf350e45, for sure....I still got 2 hrs till I will be home at the fridge  but then BEER BEER BEER lol,1,neutral
9206b39b02,talking to my BABE  he`s amazing,2,positive
81a218143d,  _Vincent  @ i missed the party!!!!  i bought wine and everything!!!,0,negative
f6b70a2471, http://twitpic.com/4phze - Awe! I miss my baby,0,negative
86adda3a27,"  I`m soo sad. It`s just on the edges of the pages, but it`s not gonna come out. *cries*",0,negative
8954e04a08,"I`m at work, hoping to enjoy the day!!  Fingers are crossed!!",2,positive
3ef24ff6fa,TGIF. I don`t feel good.,0,negative
1dea9f86e1,Now english academy,1,neutral
dd84a68427,Going into liverpool soon,1,neutral
9c7242362b,spring pictures today  going to schoooool,1,neutral
1382e45cda,McDonalds in the car.  http://tinyurl.com/onoger,1,neutral
16192d3422,Honza takes his flight back to the Czech Republic in the morning  I`m really going to miss him.,0,negative
1bae69f4ce,_jeffe83 its all the rain,1,neutral
bac11ddc14,  i know. it sucks,0,negative
a8b85fefd5,_W wow-thanks soo much. Hope your well,2,positive
080b93a03d, Go to main settings page for iPhone and scroll down - you will see it,1,neutral
23e6a370ca,My name is toggling in and out of Google Suggestions Help me by searching more for 'Ganesh Jaju' and clicking on some link,1,neutral
f8a13bf71b, ur not blind  i was just browsing & saw ur tweet & figured i could answer ur query plus i wanted to know too,1,neutral
242fabeab4, whats wrong babe?  x,0,negative
2abd17d7fe, hey is there a way u can make a somatic theme for leopard? some themes have installers already that are shapeshifter independent,1,neutral
870c815228,Why do people have 2 be so deceitful and unreal?  But my love for Steve Jones and Channing Tatum has been renewed lol...their soo nice,1,neutral
567eaf266e, Me too I need the sudden urge to do it. Missing the Diplomat title,0,negative
f72cb7c076,_Perez That`s great! I hope I`ll study with my bff too and we`ll live together. well..we will see,2,positive
83d01e9b63,So effing tired  http://bit.ly/e0ZFz,0,negative
46abf9aa57, Hey Lauren...I`m a huge fan! I hope you are having fun at Wango Tango!!,2,positive
2241aba468," >>i donï¿½t live in UK, so I canï¿½t say what i think...",1,neutral
b4f2077ad6,Want to get a Blackberry but can`t afford it  . Just watching the telly and relaxing. Hard sesion tomorrow.,0,negative
cabdea54e4," Thank you, thank you!! Thought this is where all the cool kids hang out now, hehe  xoxo!",2,positive
6b556fab83, Good afternoon Jonas Brothers  x,2,positive
41ff3299a3," I wish I could work like you, dude...",2,positive
4d8925a0a9,": Geez, a cool man like him be the villains. Too bad",1,neutral
31c9a2db39, welcome back chica! hope you had a nice break,2,positive
828b37669c, You mean set up to start using? just jump in! Use the # sign with whatever word you want to use,1,neutral
9f2722cb94,"@ the Eldorado house, goodbye Aliante house. *Memories made, memories fade!",1,neutral
e49ad43635,Goood Moring,2,positive
16a0513509,Shower day.,1,neutral
33f75c1951,WGN is playing old episodes of Rocky & Bullwinkle. Fractured Fairy Tales for the win,1,neutral
846e092fd8,"_idiots hahaha! I don`t work in a **** you know  alrighty mister, have YOU done any public may dancing today?",1,neutral
52b2a66104,Im bumbed though cuz ima miss da laker game        |double sad face|,1,neutral
295ec1c7e8,i hate the bus...any donations toward my car fund?,0,negative
3d0df33cbb, Bad rum experience in college - still haven`t recovered,0,negative
949c5ae7a1,"Tired, But glad its a bank holiday",1,neutral
28b7b971ff,1 month ahaha. AND i dunno if I can go tomorrow LMAO cause i went today   Freakin filipino parents AHA,1,neutral
04d4a3c191,i need new running shoes!! my feet are completely torn up,0,negative
49e54a6213,off to work for the day,1,neutral
f3f729c014, not so good,0,negative
ba0fc4be4d,Wishing all the Mama`s out there a very Organic Happy Mother`s Day,2,positive
cd8f6b6103," Aha, Ok  I might see you there yano.",1,neutral
f967942f57, Hey thanks for following  Love the name Elijah thats what im going to name my Son,2,positive
3c9af002ac,Ive chosen Grease,1,neutral
3af0ba6598,Hahhahah I`m watching the greatest movie ever,2,positive
6fbc7b73c0,Mmmm Ham  Yummy! I have hat hair...Stupid Deli ._.,1,neutral
0dc68d825f,LOL!!  I`m glad I`ve seen the original trailer or that wouldn`t have made sense     Someone certainly went to a lot... http://bit.ly/A0pyr,1,neutral
7f38289044, have a great camp!!!!! Wish I could be there.,2,positive
2bfc97713f,i miss you tooooo  you arent too far! *A*,0,negative
